시점,대분류,중분류,상품 선택
30일 전,"Clothing,Shoes & Je…",Men,T-Shirts
30일 전,"Clothing,Shoes & Je…",Men,Jeans
30일 전,"Clothing,Shoes & Je…",Men,Belts
30일 전,"Clothing,Shoes & Je…",Men,Cargo
30일 전,"Clothing,Shoes & Je…",Men,Denim
30일 전,"Clothing,Shoes & Je…",Men,Button-Down Shirts
27일 전,Books,Medical Books,General
27일 전,Books,Medical Books,Neuroscience
27일 전,Books,Medical Books,Psychiatry
27일 전,Books,Medical Books,Education & Training
25일 전,Sports & Outdoors,Sports,Swords
25일 전,Sports & Outdoors,Sports Medicine,Mouthguards
20일 전,Sports & Outdoors,Exercise & Fitness,Grip Strengtheners
20일 전,Sports & Outdoors,Exercise & Fitness,Fitness Planners
20일 전,Sports & Outdoors,Exercise & Fitness,Clothing
